﻿Title,Release Date,Description,Poster Filename,Watch URL
闪耀金牌梦：冬奥双人冰舞,2026/2/1,"Ahead of the 2026 Olympic Winter Games, go inside the high-stakes, high-drama world of ice dance as the sport's top couples skate for gold and glory. Watch trailers & learn more.",闪耀金牌梦冬奥双人冰舞.jpg,https://www.netflix.com/watch/82010450
莫·吉利根：乐在当下,2026/2/3,"Mo Gilligan takes on Hollywood — and lives to tell the tale. In this lively special, the Londoner dishes on fame, family and being British in America. Watch trailers & learn more.",莫吉利根乐在当下.jpg,https://www.netflix.com/watch/82040162
今夜，就算这份爱恋从世界上消失,2026/2/3,"A high school girl wakes up each day with no memory of yesterday. When she agrees to date a shy classmate, can their love grow with every new beginning? Watch trailers & learn more.",今夜就算这份爱恋从世界上消失.jpg,https://www.netflix.com/watch/82652051
这是蛋糕吗？情人节篇,2026/2/4,Bakers team up with their sweetie pies to create ultrarealistic cakes and hoodwink celebrity judges in this special Valentine's Day edition. Watch trailers & learn more.,这是蛋糕吗情人节篇.jpg,https://www.netflix.com/watch/82065555
露西·莱比的调查,2026/2/4,"Unseen footage and unheard insider accounts reveal the harrowing and divisive case of Lucy Letby, the neonatal nurse convicted of fatally harming infants. Watch trailers & learn more.",露西莱比的调查.jpg,https://www.netflix.com/watch/81719673
林肯律师,2026/2/5,Hotshot LA defense attorney Mickey Haller will do whatever it takes to win as he navigates the criminal justice system from his trademark Lincoln. Watch trailers & learn more.,林肯律师.jpg,https://www.netflix.com/watch/81764690
抢钱女王团,2026/2/5,"When life pushes them to the brink, five desperate friends decide the only way out is to form a gang, swipe some guns and start holding up banks. Watch trailers & learn more.",抢钱女王团.jpg,https://www.netflix.com/watch/81683592
密屋陌路,2026/2/5,"When the past catches up with two former spies, their biggest challenge isn't car chases, shootouts or fistfights — it's telling each other the truth. Watch trailers & learn more.",密屋陌路.jpg,https://www.netflix.com/watch/81720670
最后救赎,2026/2/6,"On a night of violent clashes, an ambulance driver learns his daughter is involved with hooligans. When things spiral, he'll stop at nothing for answers. Watch trailers & learn more.",最后救赎.jpg,https://www.netflix.com/watch/81726810
婚前脱单快乐,2026/2/6,"Thando is perpetually unlucky in love, but when her bestie returns from his travels with a fiancée in tow, she's forced to face a new emotion — jealousy. Watch trailers & learn more.",婚前脱单快乐.jpg,https://www.netflix.com/watch/81718240
狮心棋后：改写棋局的天才少女,2026/2/6,"Chess phenom Judit Polgár battles skepticism, sexism and champion Garry Kasparov to claim her place among the game's all-time greats in this documentary. Watch trailers & learn more.",狮心棋后改写棋局的天才少女.jpg,https://www.netflix.com/watch/81749912
动物谜案,2026/2/9,"Special agents Sam and Kit hop the globe with their sleuthing skills, science facts and cool gadgets to solve the animal kingdom's many mysteries. Watch trailers & learn more.",动物谜案.jpg,https://www.netflix.com/watch/81774787
Matter of Time：罕见疾病慈善演唱会,2026/2/9,Eddie Vedder's soul-stirring Seattle benefit concert fuels this documentary about the race to cure the rare genetic disorder epidermolysis bullosa (EB). Watch trailers & learn more.,Matter of Time罕见疾病慈善演唱会.jpg,https://www.netflix.com/watch/82184383
极速山谷,2026/2/10,"Desperate to gain control of her family's racing empire, an heiress hires a reckless driver and a troubled coach to compete in the Italian Gran Turismo. Watch trailers & learn more.",极速山谷.jpg,https://www.netflix.com/watch/81763922
凯特·威廉姆斯：终极报告,2026/2/10,"Comedy icon Katt Williams delivers his famously bold takes on conspiracies, celebrities and the world at large in this electrifying stand-up special. Watch trailers & learn more.",凯特威廉姆斯终极报告.jpg,https://www.netflix.com/watch/82155429
我是春菜爱,2026/2/10,"Bullied for wanting to be an idol, Kenji finds belonging in a cabaret and help from a trailblazing doctor, emerging onstage as her true self, Ai Haruna. Watch trailers & learn more.",我是春菜爱.jpg,https://www.netflix.com/watch/81774276
爱情盲选,2026/2/11,"Nick and Vanessa Lachey host this social experiment where single men and women look for love and get engaged, all before meeting in person. Watch trailers & learn more.",爱情盲选.jpg,https://www.netflix.com/watch/81761961
冬雾,2026/2/11,"In the heart of Punjab, police officers must unravel deeply disturbing cases of murder as turbulence unfolds in their own lives. Watch trailers & learn more.",冬雾.jpg,https://www.netflix.com/watch/81503533
铅毒之子,2026/2/11,"When a young doctor discovers that children living near a smelting plant suffer from lead poisoning, she risks her career and safety to save them. Watch trailers & learn more.",铅毒之子.jpg,https://www.netflix.com/watch/81707680
惊城之乱,2026/2/11,"As São Paulo erupts in an unprecedented wave of violence, a lawyer with underworld ties must strike a deal with the police to rescue her kidnapped niece. Watch trailers & learn more.",惊城之乱.jpg,https://www.netflix.com/watch/81758092
如何从贝尔法斯特去天堂,2026/2/12,Three lifelong pals embark on a chaotic quest to solve the mystery of their old friend's suspicious death and keep their own dark secret under wraps. Watch trailers & learn more.,如何从贝尔法斯特去天堂.jpg,https://www.netflix.com/watch/81758850
百万人推理,2026/2/12,"In this crime thriller, Detective Chen Chia-jen races to unmask Baba the Witch, the viral tarot reader who accurately predicts the deaths of influencers. Watch trailers & learn more.",百万人推理.jpg,https://www.netflix.com/watch/81939588
纯真博物馆,2026/2/13,"In 1970s Istanbul, a man's forbidden love for a shop-girl evolves into a lifelong journey of obsession and longing. Based on Orhan Pamuk's iconic novel. Watch trailers & learn more.",纯真博物馆.jpg,https://www.netflix.com/watch/81741976
莎拉的真伪人生,2026/2/13,A body found in the middle of town. A luxe label on the rise. A detective tests every stitch of a woman's story that keeps changing. What really happened? Watch trailers & learn more.,莎拉的真伪人生.jpg,https://www.netflix.com/watch/81904994
泥泞女子帮,2026/2/13,Five female prisoners forge a unique bond after a deadly accident... until corruption and turf wars within a ruthless prison threaten to destroy them. Watch trailers & learn more.,泥泞女子帮.jpg,https://www.netflix.com/watch/81760963
祖孙大学公路游,2026/2/13,"To teach his sheltered grandson about the real world, Madea's foul-mouthed brother Joe takes the college-bound teen on a raucous cross-country road trip. Watch trailers & learn more.",祖孙大学公路游.jpg,https://www.netflix.com/watch/81702432
声声相惜,2026/2/13,"In this Oscar-nominated short film, an impromptu singing contest at a dive bar turns a lonely night into a soul-baring moment of shared harmony. Watch trailers & learn more.",声声相惜.jpg,https://www.netflix.com/watch/82699221
真相直击：深入全美超模大赛,2026/2/16,"Models, judges and ""ANTM"" insiders — including Tyra Banks — look back at the reality show's complicated legacy in this eye-opening documentary series. Watch trailers & learn more.",真相直击深入全美超模大赛.jpg,https://www.netflix.com/watch/81928843
桑莫儿：璀璨本色,2026/2/17,"From riffing on hot topics to breaking down celebrity scandals, ""Queen of Comedy"" Sommore delivers her unapologetic perspective with bravado and style. Watch trailers & learn more.",桑莫儿璀璨本色.jpg,https://www.netflix.com/watch/81900912
戈登·拉姆齐的巅峰飨宴,2026/2/18,"Follow celeb chef Gordon Ramsay behind the scenes as he juggles family life, global empire and his biggest launch yet in this all-you-can-eat documentary. Watch trailers & learn more.",戈登拉姆齐的巅峰飨宴.jpg,https://www.netflix.com/watch/81901624
暗夜情报员,2026/2/19,"Recruited by a secret U.S. intelligence program, agent Peter Sutherland must unravel a political conspiracy to prevent a terrorist attack. Watch trailers & learn more.",暗夜情报员.jpg,https://www.netflix.com/watch/81689486
瑞典救援暗线,2026/2/19,"In this little-known true story, a Swedish bureaucrat becomes an unlikely war hero as he attempts to save Jewish lives during the darkest days of WWII. Watch trailers & learn more.",瑞典救援暗线.jpg,https://www.netflix.com/watch/81713119
赌城之道,2026/2/20,An uptight lawyer teams with a flashy Las Vegas magician to bring some pizzazz to the city's stupidest cases in this irreverent adult animated comedy. Watch trailers & learn more.,赌城之道.jpg,https://www.netflix.com/watch/81677609
浴火之森,2026/2/20,"Little Lide disappears in the forest while her family packs up their home. As a fire breaks out, her mother must race to reach her before the flames do. Watch trailers & learn more.",浴火之森.jpg,https://www.netflix.com/watch/81744440
孔雀舞曲,2026/2/20,Three lonely strangers meet at their department store jobs and find solace in each other's company while they explore connection and the nature of love. Watch trailers & learn more.,孔雀舞曲.jpg,https://www.netflix.com/watch/82103772
泰勒·汤姆林森：浪女回头,2026/2/24,"Taylor Tomlinson takes her fans to church with hilarious confessions about dating in her 30s, her dream assistant and why she refuses to use AI. Watch trailers & learn more.",泰勒汤姆林森浪女回头.jpg,https://www.netflix.com/watch/81692597
小镇有嘻哈,2026/2/26,Rapper Toni returns to his hometown for his mother's funeral and suddenly finds himself juggling career dreams and surprise fatherhood to a teenage son. Watch trailers & learn more.,小镇有嘻哈.jpg,https://www.netflix.com/watch/81675882
刃牙道：无敌武士,2026/2/26,"Baki and the strongest Underground Arena fighters face a threat of historical proportions: the resurrected Musashi Miyamoto, Japan's greatest samurai. Watch trailers & learn more.",刃牙道无敌武士.jpg,https://www.netflix.com/watch/81922766
Formula 1：疾速争胜,2026/2/27,"Drivers, managers and team owners live life in the fast lane — both on and off the track — during each cutthroat season of Formula 1 racing. Watch trailers & learn more.",Formula 1疾速争胜.jpg,https://www.netflix.com/watch/81781898
怪奇谜案限时破,2026/2/27,"Six Korean celebs become ""agents of mystery"" to solve paranormal mysteries. Using teamwork and wit, can they crack each case and complete their mission? Watch trailers & learn more.",怪奇谜案限时破.jpg,https://www.netflix.com/watch/81760516
指控之后,2026/2/27,"A renowned gynecologist's life unravels as serious allegations threaten her career and marriage, while her wife seeks to uncover the truth. Watch trailers & learn more.",指控之后.jpg,https://www.netflix.com/watch/81661375
行刑室铁笼战,2026/2/28,WWE Superstars compete against heated rivals with title opportunities on the line inside the barbaric Elimination Chamber. Watch trailers & learn more.,行刑室铁笼战.jpg,https://www.netflix.com/watch/82700227
